,name,price,url,seller_info
0,"Xiaman 16 ""ordenador portátil para juegos intel Core i7-6700HQ GTX 1060 Notebook PC IPS 1920*1200 16GB DDR4 1TB SSD Windows 11 Pro portátil Gamer",9001.9,https://es.aliexpress.com/item/1005009366417822.html?algo_pvid=c707e967-2f56-4296-a570-10845d2cb66e&algo_exp_id=c707e967-2f56-4296-a570-10845d2cb66e-1&pdp_ext_f=%7B%22order%22%3A%2240%22%2C%22eval%22%3A%221%22%7D&pdp_npi=4%40dis%21MXN%2115003.17%219001.90%21%21%215654.11%213392.47%21%402101ef7017519230617363812edc72%2112000048878997971%21sea%21MX%210%21ABX&curPageLogUid=xhKENrUjNUvr&utparam-url=scene%3Asearch%7Cquery_from%3A,"{'Nombre': 'Xiaman Global Store', 'Número de vendedor': '1104816421', 'Localización': 'China', 'Abierto desde': 'may. 11, 2025'}"
1,"2024 nuevo ordenador portátil para juegos Intel Core i9-10885H i7 10870H GTX1650 4G pantalla IPS de 16,1 pulgadas RAM Max 64GB 2 * DDR4 2 * M.2 NVMe",16188.62,https://es.aliexpress.com/item/1005004121591592.html?algo_pvid=c707e967-2f56-4296-a570-10845d2cb66e&algo_exp_id=c707e967-2f56-4296-a570-10845d2cb66e-2&pdp_ext_f=%7B%22order%22%3A%2211%22%2C%22eval%22%3A%221%22%7D&pdp_npi=4%40dis%21MXN%2125051.64%2116188.62%21%21%219440.98%216100.86%21%402101ef7017519230617363812edc72%2112000043094129176%21sea%21MX%210%21ABX&curPageLogUid=jAOO5K33vHeG&utparam-url=scene%3Asearch%7Cquery_from%3A,"{'Nombre': 'Oushedi Laptop Store', 'Número de vendedor': '912428549', 'Localización': 'China', 'Abierto desde': 'sept. 13, 2021'}"
2,"[Envío desde Mexico]ARZOPA 16,1 pulgadas FHD Monitor portátil 144hz,100% sRGB,HDR,segunda pantalla externa para Switch/Xbox/PS5/PC/Laptop,Z1FC",2197.89,https://es.aliexpress.com/item/1005006833836591.html?aem_p4p_detail=202507071417415849701682385410006649122&algo_pvid=c707e967-2f56-4296-a570-10845d2cb66e&algo_exp_id=c707e967-2f56-4296-a570-10845d2cb66e-3&pdp_ext_f=%7B%22order%22%3A%22227%22%2C%22eval%22%3A%221%22%7D&pdp_npi=4%40dis%21MXN%215137.44%212197.89%21%21%211936.10%21828.30%21%402101ef7017519230617363812edc72%2112000040079528641%21sea%21MX%210%21ABX&curPageLogUid=FdmuIiadpTfo&utparam-url=scene%3Asearch%7Cquery_from%3A&search_p4p_id=202507071417415849701682385410006649122_1,"{'Nombre': 'ARZOPA Official Store', 'Número de vendedor': '1102120934', 'Localización': 'China', 'Abierto desde': 'jun. 2, 2022'}"
3,"2025 Xiaman 16 ""ordenador portátil para juegos intel Core i7-6700HQ GTX 1060 IPS 1920*1200 Notebook Gamer 16GB DDR4 1TB SSD Windows 11 ordenador portátil",9001.9,https://es.aliexpress.com/item/1005009370341203.html?algo_pvid=c707e967-2f56-4296-a570-10845d2cb66e&algo_exp_id=c707e967-2f56-4296-a570-10845d2cb66e-4&pdp_ext_f=%7B%22order%22%3A%226%22%2C%22eval%22%3A%221%22%7D&pdp_npi=4%40dis%21MXN%2115003.17%219001.90%21%21%215654.11%213392.47%21%402101ef7017519230617363812edc72%2112000048892436943%21sea%21MX%210%21ABX&curPageLogUid=S9Te8ALkABdT&utparam-url=scene%3Asearch%7Cquery_from%3A,"{'Nombre': 'Xiaman Global Store', 'Número de vendedor': '1104816421', 'Localización': 'China', 'Abierto desde': 'may. 11, 2025'}"
4,CHUWI GemiBook XPro 14 pulgadas UHD pantalla portátil 8GB RAM 256GB SSD Intel N150/N100 Windows 11 computadora con ventilador de refrigeración Notebook,4525.31,https://es.aliexpress.com/item/1005001520846730.html?algo_pvid=c707e967-2f56-4296-a570-10845d2cb66e&algo_exp_id=c707e967-2f56-4296-a570-10845d2cb66e-5&pdp_ext_f=%7B%22order%22%3A%22125%22%2C%22eval%22%3A%221%22%7D&pdp_npi=4%40dis%21MXN%219096.40%214525.31%21%21%21479.03%21238.31%21%402101ef7017519230617363812edc72%2112000048868040981%21sea%21MX%210%21ABX&curPageLogUid=P0L8JQTWVc2r&utparam-url=scene%3Asearch%7Cquery_from%3A,"{'Nombre': 'CHUWI Official Store', 'Número de vendedor': '2179113', 'Localización': 'China', 'Abierto desde': 'may. 15, 2016'}"
5,"2025 ordenador portátil 15,6 ""AMD A4-7210U MX350 Notebook PC portátil pantalla IPS huellas dactilares retroiluminadas portátiles para juegos para trabajo de estudio",6658.9,https://es.aliexpress.com/item/1005009366775029.html?algo_pvid=c707e967-2f56-4296-a570-10845d2cb66e&algo_exp_id=c707e967-2f56-4296-a570-10845d2cb66e-6&pdp_ext_f=%7B%22order%22%3A%221%22%2C%22eval%22%3A%221%22%7D&pdp_npi=4%40dis%21MXN%2111098.17%216658.90%21%21%214182.46%212509.47%21%402101ef7017519230617363812edc72%2112000048879323835%21sea%21MX%210%21ABX&curPageLogUid=CGdldJvXXJCZ&utparam-url=scene%3Asearch%7Cquery_from%3A,"{'Nombre': 'Xiaman Global Store', 'Número de vendedor': '1104816421', 'Localización': 'China', 'Abierto desde': 'may. 11, 2025'}"
6,"Xiaman 15,6 ""ordenador portátil intel Pentium 7505 Windows 11 Pro ordenadores portátiles de doble núcleo PC desbloqueo de huellas dactilares Gamer Notebook",5584.9,https://es.aliexpress.com/item/1005009369328213.html?algo_pvid=c707e967-2f56-4296-a570-10845d2cb66e&algo_exp_id=c707e967-2f56-4296-a570-10845d2cb66e-8&pdp_ext_f=%7B%22order%22%3A%224%22%2C%22eval%22%3A%221%22%7D&pdp_npi=4%40dis%21MXN%219308.17%215584.90%21%21%213507.88%212104.73%21%402101ef7017519230617363812edc72%2112000048891972548%21sea%21MX%210%21ABX&curPageLogUid=tDiuhfMrPfny&utparam-url=scene%3Asearch%7Cquery_from%3A,"{'Nombre': 'Xiaman Global Store', 'Número de vendedor': '1104816421', 'Localización': 'China', 'Abierto desde': 'may. 11, 2025'}"
7,"CHUWI MiniBook X Intel N150 10,51 pulgadas 2 en 1 tableta portátil 12GB LPDDR5 512G SSD Windows 11 portátiles Mini Notebook 2K FHD WiFii 6",6496.9,https://es.aliexpress.com/item/1005003725350483.html?algo_pvid=c707e967-2f56-4296-a570-10845d2cb66e&algo_exp_id=c707e967-2f56-4296-a570-10845d2cb66e-9&pdp_ext_f=%7B%22order%22%3A%2295%22%2C%22eval%22%3A%221%22%7D&pdp_npi=4%40dis%21MXN%219281.29%216496.90%21%21%21488.77%21342.14%21%402101ef7017519230617363812edc72%2112000048875903542%21sea%21MX%210%21ABX&curPageLogUid=tpOAygvcl95k&utparam-url=scene%3Asearch%7Cquery_from%3A,"{'Nombre': 'CHUWI Global-Flagship Store', 'Número de vendedor': '2827034', 'Localización': 'China', 'Abierto desde': 'ene. 25, 2017'}"
8,"Computadora portátil Intel Core i7 de 15,6 pulgadas, ordenador portátil de 16GB DDR, 1TB SSD, windows 11, oficina, desbloqueo de huellas dactilares",5349.9,https://es.aliexpress.com/item/1005009390156394.html?aem_p4p_detail=202507071417415849701682385410006649122&algo_pvid=c707e967-2f56-4296-a570-10845d2cb66e&algo_exp_id=c707e967-2f56-4296-a570-10845d2cb66e-11&pdp_ext_f=%7B%22order%22%3A%2216%22%2C%22eval%22%3A%221%22%7D&pdp_npi=4%40dis%21MXN%217642.71%215349.90%21%21%212880.24%212016.17%21%402101ef7017519230617363812edc72%2112000048954631115%21sea%21MX%210%21ABX&curPageLogUid=c3PXkDpJ4Pda&utparam-url=scene%3Asearch%7Cquery_from%3A&search_p4p_id=202507071417415849701682385410006649122_3,"{'Nombre': 'SHIMANG Laptop Global Store', 'Número de vendedor': '1103728438', 'Localización': 'China', 'Abierto desde': 'abr. 30, 2024'}"
9,"SUXI MantaBook Pro ¡Nueva llegada! Computadora portátil con huella dactilar de 15,6"" |   RAM DDR4 de 16 GB + 256 GB SSD |   Intel Quad-Core N5095",4829.9,https://es.aliexpress.com/item/1005009320470014.html?algo_pvid=c707e967-2f56-4296-a570-10845d2cb66e&algo_exp_id=c707e967-2f56-4296-a570-10845d2cb66e-13&pdp_ext_f=%7B%22order%22%3A%223%22%2C%22eval%22%3A%221%22%7D&pdp_npi=4%40dis%21MXN%2112074.75%214829.90%21%21%214550.50%211820.20%21%402101ef7017519230617363812edc72%2112000048740413067%21sea%21MX%210%21ABX&curPageLogUid=ammkQNiMTqnf&utparam-url=scene%3Asearch%7Cquery_from%3A,"{'Nombre': 'SUXI Global Store', 'Número de vendedor': '1104716104', 'Localización': 'China', 'Abierto desde': 'mar. 26, 2025'}"
10,"15,6 ""portátil delgado para juegos Intel N95 GTX1060 teclado retroiluminado portátiles notbook ordenador pc Windows 11 ofertas de precios baratos",6394.9,https://es.aliexpress.com/item/1005009374028675.html?algo_pvid=c707e967-2f56-4296-a570-10845d2cb66e&algo_exp_id=c707e967-2f56-4296-a570-10845d2cb66e-14&pdp_ext_f=%7B%22order%22%3A%22-1%22%2C%22eval%22%3A%221%22%7D&pdp_npi=4%40dis%21MXN%2112789.80%216394.90%21%21%214819.97%212409.98%21%402101ef7017519230617363812edc72%2112000048908050112%21sea%21MX%210%21ABX&curPageLogUid=TFSfFDMtShYM&utparam-url=scene%3Asearch%7Cquery_from%3A,"{'Nombre': 'Afresh PC Store', 'Número de vendedor': '1102191769', 'Localización': 'China', 'Abierto desde': 'jul. 22, 2022'}"
11,2025 versión Global Xioami Pad 7 Pro 144Hz Snapdragon 8 Gen 2 plataforma móvil 20000mAh Dolby Atmos 2T memoria 5G tableta de red,2068.04,https://es.aliexpress.com/item/1005009170313938.html?aem_p4p_detail=202507071417415849701682385410006649122&algo_pvid=c707e967-2f56-4296-a570-10845d2cb66e&algo_exp_id=c707e967-2f56-4296-a570-10845d2cb66e-15&pdp_ext_f=%7B%22order%22%3A%2281%22%2C%22eval%22%3A%221%22%7D&pdp_npi=4%40dis%21MXN%214040.70%212068.04%21%21%211522.78%21779.36%21%402101ef7017519230617363812edc72%2112000048185291198%21sea%21MX%210%21ABX&curPageLogUid=vZgTw0obGzu8&utparam-url=scene%3Asearch%7Cquery_from%3A&search_p4p_id=202507071417415849701682385410006649122_4,"{'Nombre': 'Discount Promotion Store', 'Número de vendedor': '1104826485', 'Localización': 'China', 'Abierto desde': 'may. 13, 2025'}"
12,"AK Intel 12th N95 portátil pantalla IPS de 15,6 pulgadas 16G 32GB RAM NVME PCIE SSD NVIDIA GeForce GTX 1060 6G ordenador de juego Windows 11 Pro",5302.54,https://es.aliexpress.com/item/1005008981401815.html?algo_pvid=c707e967-2f56-4296-a570-10845d2cb66e&algo_exp_id=c707e967-2f56-4296-a570-10845d2cb66e-16&pdp_ext_f=%7B%22order%22%3A%222%22%2C%22eval%22%3A%221%22%7D&pdp_npi=4%40dis%21MXN%216203.96%215302.54%21%21%21326.71%21279.24%21%402101ef7017519230617363812edc72%2112000047448543931%21sea%21MX%210%21ABX&curPageLogUid=IqKOpw1Ic1mM&utparam-url=scene%3Asearch%7Cquery_from%3A,"{'Nombre': 'Baby Doing Buy Store', 'Número de vendedor': '5881464', 'Localización': 'China', 'Abierto desde': 'jun. 7, 2020'}"
13,"15,6 ""portátil delgado para juegos Intel N95 GTX1060 teclado retroiluminado portátiles notbook ordenador pc Windows 11 ofertas de precios baratos",6031.9,https://es.aliexpress.com/item/1005009371920284.html?algo_pvid=c707e967-2f56-4296-a570-10845d2cb66e&algo_exp_id=c707e967-2f56-4296-a570-10845d2cb66e-17&pdp_ext_f=%7B%22order%22%3A%221%22%2C%22eval%22%3A%221%22%7D&pdp_npi=4%40dis%21MXN%2112063.80%216031.90%21%21%214546.37%212273.18%21%402101ef7017519230617363812edc72%2112000048900781172%21sea%21MX%210%21ABX&curPageLogUid=qCd8dpipjvW6&utparam-url=scene%3Asearch%7Cquery_from%3A,"{'Nombre': 'Afresh PC Store', 'Número de vendedor': '1102191769', 'Localización': 'China', 'Abierto desde': 'jul. 22, 2022'}"
14,"Computadora portátil de 15,6 pulgadas Intel Celeron N5095 Notebook PC Gamer 16GB DDR4 128GB-2TB SSD Oficina Estudio PC Windows 11 1080P Laptops",4048.9,https://es.aliexpress.com/item/1005009383569335.html?algo_pvid=c707e967-2f56-4296-a570-10845d2cb66e&algo_exp_id=c707e967-2f56-4296-a570-10845d2cb66e-18&pdp_ext_f=%7B%22order%22%3A%22-1%22%2C%22eval%22%3A%221%22%7D&pdp_npi=4%40dis%21MXN%214498.78%214048.90%21%21%21236.91%21213.22%21%402101ef7017519230617363812edc72%2112000048937734753%21sea%21MX%210%21ABX&curPageLogUid=QmJNAX4x1Tdd&utparam-url=scene%3Asearch%7Cquery_from%3A,"{'Nombre': 'Baby Doing Buy Store', 'Número de vendedor': '5881464', 'Localización': 'China', 'Abierto desde': 'jun. 7, 2020'}"
15,"AMD Ryzen R5 R7 portátil 15,6 pulgadas pantalla IPS portátiles para juegos portátil notbook ordenador pc Windows11 huella digital oferta de precio barato",6198.9,https://es.aliexpress.com/item/1005009395769377.html?algo_pvid=c707e967-2f56-4296-a570-10845d2cb66e&algo_exp_id=c707e967-2f56-4296-a570-10845d2cb66e-20&pdp_ext_f=%7B%22order%22%3A%221%22%2C%22eval%22%3A%221%22%7D&pdp_npi=4%40dis%21MXN%2112397.80%216198.90%21%21%214672.24%212336.12%21%402101ef7017519230617363812edc72%2112000048971513847%21sea%21MX%210%21ABX&curPageLogUid=7Heg3l9poytz&utparam-url=scene%3Asearch%7Cquery_from%3A,"{'Nombre': 'Afresh PC Store', 'Número de vendedor': '1102191769', 'Localización': 'China', 'Abierto desde': 'jul. 22, 2022'}"
16,"15,6 ""portátil delgado para juegos Intel N95 GTX1060 teclado retroiluminado portátiles notbook ordenador pc Windows 11 ofertas de precios baratos",6394.9,https://es.aliexpress.com/item/1005009372696169.html?algo_pvid=c707e967-2f56-4296-a570-10845d2cb66e&algo_exp_id=c707e967-2f56-4296-a570-10845d2cb66e-21&pdp_ext_f=%7B%22order%22%3A%22-1%22%2C%22eval%22%3A%221%22%7D&pdp_npi=4%40dis%21MXN%2112789.80%216394.90%21%21%214819.97%212409.98%21%402101ef7017519230617363812edc72%2112000048907222277%21sea%21MX%210%21ABX&curPageLogUid=LuxEf6FvdYdR&utparam-url=scene%3Asearch%7Cquery_from%3A,"{'Nombre': 'Afresh PC Store', 'Número de vendedor': '1102191769', 'Localización': 'China', 'Abierto desde': 'jul. 22, 2022'}"
17,YEPO Gaming portátiles Intel Core i7-6500U 32GB Ram 2TB SSD Windows 11 Notebooks retroiluminado Wifi ordenador PC Gaming ordenador portátil,5115.95,https://es.aliexpress.com/item/1005008595908273.html?algo_pvid=c707e967-2f56-4296-a570-10845d2cb66e&algo_exp_id=c707e967-2f56-4296-a570-10845d2cb66e-22&pdp_ext_f=%7B%22order%22%3A%2244%22%2C%22eval%22%3A%221%22%7D&pdp_npi=4%40dis%21MXN%217308.51%215115.95%21%21%212754.29%211928.00%21%402101ef7017519230617363812edc72%2112000045883594593%21sea%21MX%210%21ABX&curPageLogUid=JrfonYIRDfQp&utparam-url=scene%3Asearch%7Cquery_from%3A,"{'Nombre': 'Yepo Computer Official Store', 'Número de vendedor': '1102794559', 'Localización': 'China', 'Abierto desde': 'abr. 26, 2023'}"
18,BYONE BY16PLUS portátil para juegos Intel Core I7 Notebook DDR4 64G RAM 4TB SSD 16 pulgadas + 16 pulgadas pantalla táctil ordenador Windows 11 Pro,14806.9,https://es.aliexpress.com/item/1005009210553591.html?aem_p4p_detail=202507071417415849701682385410006649122&algo_pvid=c707e967-2f56-4296-a570-10845d2cb66e&algo_exp_id=c707e967-2f56-4296-a570-10845d2cb66e-23&pdp_ext_f=%7B%22order%22%3A%22-1%22%2C%22eval%22%3A%221%22%7D&pdp_npi=4%40dis%21MXN%2121152.71%2114806.90%21%21%217971.63%215580.14%21%402101ef7017519230617363812edc72%2112000048328954833%21sea%21MX%210%21ABX&curPageLogUid=W9hByMwLfZPX&utparam-url=scene%3Asearch%7Cquery_from%3A&search_p4p_id=202507071417415849701682385410006649122_6,"{'Nombre': 'BYONE Global Store', 'Número de vendedor': '1102300147', 'Localización': 'China', 'Abierto desde': 'sept. 7, 2022'}"
19,"Adreamer Laptop portátiles de 13,3 pulgadas a bajo precio con CPU Intel 2,5 K FHD IPS 8GB 1T SSD 2,5 K FHD pantalla portátil",3211.27,https://es.aliexpress.com/item/1005006159743844.html?algo_pvid=c707e967-2f56-4296-a570-10845d2cb66e&algo_exp_id=c707e967-2f56-4296-a570-10845d2cb66e-25&pdp_ext_f=%7B%22order%22%3A%2251%22%2C%22eval%22%3A%221%22%7D&pdp_npi=4%40dis%21MXN%216423.10%213211.27%21%21%21338.25%21169.11%21%402101ef7017519230617363812edc72%2112000036047482872%21sea%21MX%210%21ABX&curPageLogUid=4M4GV3ePGNrn&utparam-url=scene%3Asearch%7Cquery_from%3A,"{'Nombre': 'ADREAMER Global Store', 'Número de vendedor': '1102333380', 'Localización': 'China', 'Abierto desde': 'sept. 30, 2022'}"
20,"Nuevo XIAOMI portátil Redmi Book 16 2025 16 ""pulgadas 2,5 K FHD 120Hz Intel Core 5 210H 220H 32GB SSD 1TB ordenador PC Notebook Ultrabook",10501.97,https://es.aliexpress.com/item/1005009351907221.html?algo_pvid=c707e967-2f56-4296-a570-10845d2cb66e&algo_exp_id=c707e967-2f56-4296-a570-10845d2cb66e-26&pdp_ext_f=%7B%22order%22%3A%222%22%2C%22eval%22%3A%221%22%7D&pdp_npi=4%40dis%21MXN%2113127.42%2110501.97%21%21%21691.31%21553.05%21%402101ef7017519230617363812edc72%2112000048843563186%21sea%21MX%210%21ABX&curPageLogUid=77shQO0AQe5y&utparam-url=scene%3Asearch%7Cquery_from%3A,"{'Nombre': 'TookFun PC Store', 'Número de vendedor': '911826132', 'Localización': 'China', 'Abierto desde': 'abr. 15, 2021'}"
21,2025 New7S Pro Original edición Global Tablet PC Pad Snapdragon 8gen2 HD 4K 22GB + 2TB Android 14 5G Tablet con Dual SIM WIFI,2001.32,https://es.aliexpress.com/item/1005009057107258.html?aem_p4p_detail=202507071417415849701682385410006649122&algo_pvid=c707e967-2f56-4296-a570-10845d2cb66e&algo_exp_id=c707e967-2f56-4296-a570-10845d2cb66e-27&pdp_ext_f=%7B%22order%22%3A%2284%22%2C%22eval%22%3A%221%22%7D&pdp_npi=4%40dis%21MXN%213525.44%212001.32%21%21%211328.60%21754.22%21%402101ef7017519230617363812edc72%2112000047747140659%21sea%21MX%210%21ABX&curPageLogUid=Eo4SHdX82YE0&utparam-url=scene%3Asearch%7Cquery_from%3A&search_p4p_id=202507071417415849701682385410006649122_7,"{'Nombre': 'New Tablet Flagship Store', 'Número de vendedor': '1104826487', 'Localización': 'China', 'Abierto desde': 'may. 13, 2025'}"
22,"Portátil con pantalla táctil de 11,6 pulgadas 2 en 1 Windows 11 Pro Intel N4020 Tablet PC 8GB DDR4 128GB 256GB 512GB SSD portátil de estudio",3415.9,https://es.aliexpress.com/item/1005009348731235.html?algo_pvid=c707e967-2f56-4296-a570-10845d2cb66e&algo_exp_id=c707e967-2f56-4296-a570-10845d2cb66e-28&pdp_ext_f=%7B%22order%22%3A%223%22%2C%22eval%22%3A%221%22%7D&pdp_npi=4%40dis%21MXN%216831.80%213415.90%21%21%21359.77%21179.88%21%402101ef7017519230617363812edc72%2112000048829951915%21sea%21MX%210%21ABX&curPageLogUid=LLk5dYukIOpM&utparam-url=scene%3Asearch%7Cquery_from%3A,"{'Nombre': 'Baby Doing Buy Store', 'Número de vendedor': '5881464', 'Localización': 'China', 'Abierto desde': 'jun. 7, 2020'}"
23,"Azeyou Pantalla HD para computadora portátil de 11,6 pulgadas, N4020C, computadora portátil para estudiantes 4 GB de RAM DDR4, SSD de 128 GB, computadoras portátiles OS 11 Pro Batería de 4000 mAh Plata",4075.9,https://es.aliexpress.com/item/1005009348387480.html?algo_pvid=c707e967-2f56-4296-a570-10845d2cb66e&algo_exp_id=c707e967-2f56-4296-a570-10845d2cb66e-29&pdp_ext_f=%7B%22order%22%3A%22-1%22%2C%22eval%22%3A%221%22%7D&pdp_npi=4%40dis%21MXN%218151.60%214075.90%21%21%213072.02%211536.05%21%402101ef7017519230617363812edc72%2112000048829459272%21sea%21MX%210%21ABX&curPageLogUid=Dpmmj1DrvKJg&utparam-url=scene%3Asearch%7Cquery_from%3A,"{'Nombre': 'Azeyou Smart Tablet Store', 'Número de vendedor': '1104905998', 'Localización': 'China', 'Abierto desde': 'jun. 11, 2025'}"
24,"BYONE-ordenador portátil de 14,1 pulgadas, Notebook con Intel N4000, 8GB de RAM, 256GB, 512GB, SSD, Windows 11, 1366x768, HD, LCD, Wifi, HDMI, USB",2824.9,https://es.aliexpress.com/item/1005005599551724.html?algo_pvid=c707e967-2f56-4296-a570-10845d2cb66e&algo_exp_id=c707e967-2f56-4296-a570-10845d2cb66e-30&pdp_ext_f=%7B%22order%22%3A%2237%22%2C%22eval%22%3A%221%22%7D&pdp_npi=4%40dis%21MXN%215044.46%212824.90%21%21%211901.06%211064.60%21%402101ef7017519230617363812edc72%2112000042626326789%21sea%21MX%210%21ABX&curPageLogUid=xCvTnXwXs4Fg&utparam-url=scene%3Asearch%7Cquery_from%3A,"{'Nombre': 'BYONE Global Store', 'Número de vendedor': '1102300147', 'Localización': 'China', 'Abierto desde': 'sept. 7, 2022'}"
25,2025 New7S Pro Original edición Global Tablet PC Pad Snapdragon 8gen2 HD 4K 22GB + 2TB Android 14 5G Tablet con Dual SIM WIFI,2071.83,https://es.aliexpress.com/item/1005009149038635.html?aem_p4p_detail=202507071417415849701682385410006649122&algo_pvid=c707e967-2f56-4296-a570-10845d2cb66e&algo_exp_id=c707e967-2f56-4296-a570-10845d2cb66e-31&pdp_ext_f=%7B%22order%22%3A%2249%22%2C%22eval%22%3A%221%22%7D&pdp_npi=4%40dis%21MXN%213525.44%212071.83%21%21%211328.60%21780.79%21%402101ef7017519230617363812edc72%2112000048093240903%21sea%21MX%210%21ABX&curPageLogUid=FgLIkHQbRji7&utparam-url=scene%3Asearch%7Cquery_from%3A&search_p4p_id=202507071417415849701682385410006649122_8,"{'Nombre': 'New Flagship Product Store', 'Número de vendedor': '1104854069', 'Localización': 'China', 'Abierto desde': 'may. 15, 2025'}"
26,"15.6"" Laptop de trabajo de oficina comercial Celeron N5095 Windows 11 Pro de 11.a generación - 16GB 32GB RAM MAX 2TB SSD -2.4G 5.0G WiFi Bluetooth",3862.9,https://es.aliexpress.com/item/1005009330766860.html?algo_pvid=c707e967-2f56-4296-a570-10845d2cb66e&algo_exp_id=c707e967-2f56-4296-a570-10845d2cb66e-32&pdp_ext_f=%7B%22order%22%3A%22-1%22%2C%22eval%22%3A%221%22%7D&pdp_npi=4%40dis%21MXN%214198.80%213862.90%21%21%21221.12%21203.43%21%402101ef7017519230617363812edc72%2112000048777172549%21sea%21MX%210%21ABX&curPageLogUid=UftdLkUdwyx5&utparam-url=scene%3Asearch%7Cquery_from%3A,"{'Nombre': 'Science JNMD Store', 'Número de vendedor': '912021507', 'Localización': 'China', 'Abierto desde': 'may. 25, 2021'}"
27,"Computadora portátil de 15,6 pulgadas Intel Core i7 8500Y 16GB DDR 1TB SSD portátiles windows 11 desbloqueo de huellas dactilares cuaderno de oficina",5349.9,https://es.aliexpress.com/item/1005009390066060.html?aem_p4p_detail=202507071417415849701682385410006649122&algo_pvid=c707e967-2f56-4296-a570-10845d2cb66e&algo_exp_id=c707e967-2f56-4296-a570-10845d2cb66e-35&pdp_ext_f=%7B%22order%22%3A%2215%22%2C%22eval%22%3A%221%22%7D&pdp_npi=4%40dis%21MXN%217642.71%215349.90%21%21%212880.24%212016.17%21%402101ef7017519230617363812edc72%2112000048953099236%21sea%21MX%210%21ABX&curPageLogUid=kTNAGAKKtvmL&utparam-url=scene%3Asearch%7Cquery_from%3A&search_p4p_id=202507071417415849701682385410006649122_9,"{'Nombre': 'SHIMANG Computer Store', 'Número de vendedor': '1103743305', 'Localización': 'China', 'Abierto desde': 'may. 2, 2024'}"
28,"CARBAYTA portátil pantalla IPS de 15,6 pulgadas 16GB RAM Intel 11th Celeron N5095 Netbook Windows 10 11 Pro Oficina Notebook Pc portátil",164.9,https://es.aliexpress.com/item/1005009408693206.html?algo_pvid=c707e967-2f56-4296-a570-10845d2cb66e&algo_exp_id=c707e967-2f56-4296-a570-10845d2cb66e-36&pdp_ext_f=%7B%22order%22%3A%2210%22%2C%22eval%22%3A%221%22%7D&pdp_npi=4%40dis%21MXN%21164.90%21164.90%21%21%218.68%218.68%21%402101ef7017519230617363812edc72%2112000049008287419%21sea%21MX%210%21ABX&curPageLogUid=gkF3UBZMOU90&utparam-url=scene%3Asearch%7Cquery_from%3A,"{'Nombre': 'Science JNMD Store', 'Número de vendedor': '912021507', 'Localización': 'China', 'Abierto desde': 'may. 25, 2021'}"
29,"SUXI MantaBook Pro Mejor computadora portátil de oficina económica |   Pantalla IPS de 15,6"" |   16 GB de RAM + 256 GB de SSD |   Intel N5095 |   Sensor de huellas dactilares",5719.05,https://es.aliexpress.com/item/1005009320715531.html?algo_pvid=c707e967-2f56-4296-a570-10845d2cb66e&algo_exp_id=c707e967-2f56-4296-a570-10845d2cb66e-37&pdp_ext_f=%7B%22order%22%3A%222%22%2C%22eval%22%3A%221%22%7D&pdp_npi=4%40dis%21MXN%2112112.48%215719.05%21%21%214564.72%212155.29%21%402101ef7017519230617363812edc72%2112000048741378014%21sea%21MX%210%21ABX&curPageLogUid=Wpb7fw7lQGn5&utparam-url=scene%3Asearch%7Cquery_from%3A,"{'Nombre': 'SUXI Global Store', 'Número de vendedor': '1104716104', 'Localización': 'China', 'Abierto desde': 'mar. 26, 2025'}"
30,"HONOR Laptop MagicBook X14 2025 Intel Core i5-13420H i7 16GB SSD 512GB 1TB 14 ""pulgadas FHD 2,8 K Notebook Ultrabook ordenador FRG-X",10673.9,https://es.aliexpress.com/item/1005008776506896.html?algo_pvid=c707e967-2f56-4296-a570-10845d2cb66e&algo_exp_id=c707e967-2f56-4296-a570-10845d2cb66e-38&pdp_ext_f=%7B%22order%22%3A%222%22%2C%22eval%22%3A%221%22%7D&pdp_npi=4%40dis%21MXN%2113342.38%2110673.90%21%21%21702.63%21562.10%21%402101ef7017519230617363812edc72%2112000048400594376%21sea%21MX%210%21ABX&curPageLogUid=bJg0RW8mNP4V&utparam-url=scene%3Asearch%7Cquery_from%3A,"{'Nombre': 'TookFun PC Store', 'Número de vendedor': '911826132', 'Localización': 'China', 'Abierto desde': 'abr. 15, 2021'}"
31,2025 Original XioaMi Pad 15 Pro Tablet Android14 Snapdragon888 11 pulgadas HD 22GB + 2TB 20000mAh 5G Dual SIM Bluetooth WiFi GPS mesas,2028.45,https://es.aliexpress.com/item/1005008558759883.html?aem_p4p_detail=202507071417415849701682385410006649122&algo_pvid=c707e967-2f56-4296-a570-10845d2cb66e&algo_exp_id=c707e967-2f56-4296-a570-10845d2cb66e-39&pdp_ext_f=%7B%22order%22%3A%22221%22%2C%22eval%22%3A%221%22%7D&pdp_npi=4%40dis%21MXN%214284.77%212028.45%21%21%211614.76%21764.44%21%402101ef7017519230617363812edc72%2112000045712678519%21sea%21MX%210%21ABX&curPageLogUid=1IfTPMdFFlN5&utparam-url=scene%3Asearch%7Cquery_from%3A&search_p4p_id=202507071417415849701682385410006649122_10,"{'Nombre': '2024 NEW Original Pad Store', 'Número de vendedor': '1104214006', 'Localización': 'China', 'Abierto desde': 'oct. 10, 2024'}"
32,"Acer Gadget e10 ETBook Gaming Laptop Intel Laptop Core i5-12450H 16GB RAM 512GB SSD Computadora 14 ""2K IPS WiFi6 Windows 11 portátiles",8762.43,https://es.aliexpress.com/item/1005006921901604.html?algo_pvid=c707e967-2f56-4296-a570-10845d2cb66e&algo_exp_id=c707e967-2f56-4296-a570-10845d2cb66e-40&pdp_ext_f=%7B%22order%22%3A%2212%22%2C%22eval%22%3A%221%22%7D&pdp_npi=4%40dis%21MXN%2112653.40%218762.43%21%21%214768.57%213302.22%21%402101ef7017519230617363812edc72%2112000048876165272%21sea%21MX%210%21ABX&curPageLogUid=Q1lXXc4SgGLG&utparam-url=scene%3Asearch%7Cquery_from%3A,"{'Nombre': 'CHUWI APLUS Store', 'Número de vendedor': '1103410124', 'Localización': 'China', 'Abierto desde': 'dic. 20, 2023'}"
33,"YEPO 15,6 ""portátil ultradelgado 16GB RAM 2TB SSD Intel N5095 Notebook Gamer 1920*1080 pantalla Oficina estudio ordenador PC Windows 11",3887.9,https://es.aliexpress.com/item/1005008602854419.html?algo_pvid=c707e967-2f56-4296-a570-10845d2cb66e&algo_exp_id=c707e967-2f56-4296-a570-10845d2cb66e-41&pdp_ext_f=%7B%22order%22%3A%2221%22%2C%22eval%22%3A%221%22%7D&pdp_npi=4%40dis%21MXN%215554.14%213887.90%21%21%212093.14%211465.20%21%402101ef7017519230617363812edc72%2112000045913302822%21sea%21MX%210%21ABX&curPageLogUid=ajavykx5k0Br&utparam-url=scene%3Asearch%7Cquery_from%3A,"{'Nombre': 'Yepo Computer Official Store', 'Número de vendedor': '1102794559', 'Localización': 'China', 'Abierto desde': 'abr. 26, 2023'}"
34,2024 versión Global Original tableta Android Pad 15 Pro 16GB + 1TB Snapdragon 870 tabletas PC 5G tarjeta SIM Dual o WIFI HD 4K Mi Tab,1886.9,https://es.aliexpress.com/item/1005008360678247.html?aem_p4p_detail=202507071417415849701682385410006649122&algo_pvid=c707e967-2f56-4296-a570-10845d2cb66e&algo_exp_id=c707e967-2f56-4296-a570-10845d2cb66e-43&pdp_ext_f=%7B%22order%22%3A%229%22%2C%22eval%22%3A%221%22%7D&pdp_npi=4%40dis%21MXN%214446.31%211886.90%21%21%211675.64%21711.10%21%402101ef7017519230617363812edc72%2112000044717167622%21sea%21MX%210%21ABX&curPageLogUid=GvYVHBFZu3au&utparam-url=scene%3Asearch%7Cquery_from%3A&search_p4p_id=202507071417415849701682385410006649122_11,"{'Nombre': '2024 NEW Original Pad Store', 'Número de vendedor': '1104214006', 'Localización': 'China', 'Abierto desde': 'oct. 10, 2024'}"
35,Computadora portátil de 14 pulgadas con pantalla 2K Intel N5105 Windows 11 16GB RAM 1TB SSD ordenador portátil ligero ultrafino para oficina de estudiantes,4649.9,https://es.aliexpress.com/item/1005009338642904.html?algo_pvid=c707e967-2f56-4296-a570-10845d2cb66e&algo_exp_id=c707e967-2f56-4296-a570-10845d2cb66e-44&pdp_ext_f=%7B%22order%22%3A%22-1%22%2C%22eval%22%3A%221%22%7D&pdp_npi=4%40dis%21MXN%216642.71%214649.90%21%21%21349.82%21244.88%21%402101ef7017519230617363812edc72%2112000048801334014%21sea%21MX%210%21ABX&curPageLogUid=BlJouY7ILCzL&utparam-url=scene%3Asearch%7Cquery_from%3A,"{'Nombre': 'Greatium Tech Store Store', 'Número de vendedor': '535393', 'Localización': 'Guangdong  China', 'Abierto desde': 'ago. 29, 2013'}"
36,"Elegante portátil rosa de 15,6"": Windows 10 Office Education Intel Celeron N5095, 16 GB de RAM, 1 TB SSD, WiFi dual, marcos estrechos.",3707.9,https://es.aliexpress.com/item/1005008035647246.html?algo_pvid=c707e967-2f56-4296-a570-10845d2cb66e&algo_exp_id=c707e967-2f56-4296-a570-10845d2cb66e-45&pdp_ext_f=%7B%22order%22%3A%2238%22%2C%22eval%22%3A%221%22%7D&pdp_npi=4%40dis%21MXN%217567.14%213707.90%21%21%21398.50%21195.27%21%402101ef7017519230617363812edc72%2112000043348336369%21sea%21MX%210%21ABX&curPageLogUid=12dHHT8kpzpU&utparam-url=scene%3Asearch%7Cquery_from%3A,"{'Nombre': 'Baby Doing Buy Store', 'Número de vendedor': '5881464', 'Localización': 'China', 'Abierto desde': 'jun. 7, 2020'}"
37,"Computadora portátil para juegos de 16,1 pulgadas RTX4050 6G Intel Core i9-12900H i5-12450H windows11 por Max 64GB 2 * DDR5 2 * M.2 NVME 4TB SSD WiFi",13915.67,https://es.aliexpress.com/item/1005008866215094.html?algo_pvid=c707e967-2f56-4296-a570-10845d2cb66e&algo_exp_id=c707e967-2f56-4296-a570-10845d2cb66e-46&pdp_ext_f=%7B%22order%22%3A%2214%22%2C%22eval%22%3A%221%22%7D&pdp_npi=4%40dis%21MXN%2123193.22%2113915.67%21%21%211221.39%21732.82%21%402101ef7017519230617363812edc72%2112000047012396856%21sea%21MX%210%21ABX&curPageLogUid=3O5YLA1XDy7a&utparam-url=scene%3Asearch%7Cquery_from%3A,"{'Nombre': 'YSJMNPC Official Store', 'Número de vendedor': '1100370457', 'Localización': 'China', 'Abierto desde': 'abr. 12, 2022'}"
38,2025 Intel Core i9 8950HK Mini ordenador portátil Windows 11 16GB 1TB ordenador para juegos WiFi 6 USB Mini PC de escritorio portátil,3447.9,https://es.aliexpress.com/item/1005008980464733.html?aem_p4p_detail=202507071417415849701682385410006649122&algo_pvid=c707e967-2f56-4296-a570-10845d2cb66e&algo_exp_id=c707e967-2f56-4296-a570-10845d2cb66e-47&pdp_ext_f=%7B%22order%22%3A%22230%22%2C%22eval%22%3A%221%22%7D&pdp_npi=4%40dis%21MXN%215070.44%213447.90%21%21%211910.85%211299.38%21%402101ef7017519230617363812edc72%2112000047444365017%21sea%21MX%210%21ABX&curPageLogUid=oxQ1Uwza25WM&utparam-url=scene%3Asearch%7Cquery_from%3A&search_p4p_id=202507071417415849701682385410006649122_12,"{'Nombre': 'CHUBAN PC Store', 'Número de vendedor': '1103876231', 'Localización': 'China', 'Abierto desde': 'jun. 16, 2024'}"
39,"CHUWI Herobook Pro / Herobook Plus portátil Windows 11 portátil 14,1 pulgadas / 15,6 pulgadas FHD Intel N4020 LPDDR4 8GB 256GB SSD ordenador PC",3758.34,https://es.aliexpress.com/item/1005004577802630.html?algo_pvid=c707e967-2f56-4296-a570-10845d2cb66e&algo_exp_id=c707e967-2f56-4296-a570-10845d2cb66e-48&pdp_ext_f=%7B%22order%22%3A%22100%22%2C%22eval%22%3A%221%22%7D&pdp_npi=4%40dis%21MXN%216453.86%213758.34%21%21%21339.87%21197.92%21%402101ef7017519230617363812edc72%2112000048871544427%21sea%21MX%210%21ABX&curPageLogUid=FvXaD86pnnP7&utparam-url=scene%3Asearch%7Cquery_from%3A,"{'Nombre': 'CHUWI Official Store', 'Número de vendedor': '2179113', 'Localización': 'China', 'Abierto desde': 'may. 15, 2016'}"
40,"Topton L10 portátil de pantalla Dual 15,6 pulgadas IPS + 7 ''Touch 12a generación Intel N100 Max 32G DDR4 2T SSD ordenador portátil de oficina delgado",5909.9,https://es.aliexpress.com/item/1005005907197888.html?algo_pvid=c707e967-2f56-4296-a570-10845d2cb66e&algo_exp_id=c707e967-2f56-4296-a570-10845d2cb66e-49&pdp_ext_f=%7B%22order%22%3A%2247%22%2C%22eval%22%3A%221%22%7D&pdp_npi=4%40dis%21MXN%219532.10%215909.90%21%21%21501.98%21311.23%21%402101ef7017519230617363812edc72%2112000038041965677%21sea%21MX%210%21ABX&curPageLogUid=3oMAsMfN3Aad&utparam-url=scene%3Asearch%7Cquery_from%3A,"{'Nombre': 'Topton Computer Store', 'Número de vendedor': '2546008', 'Localización': 'China', 'Abierto desde': 'sept. 23, 2016'}"
41,CARBAYTA AMD Ryzen 7 2700U Portátil - 36GB RAM 2TB SSD Cuerpo metálico Bluetooth Windows 11 pro Gaming IPS Computadora portátil,6898.9,https://es.aliexpress.com/item/1005008755485036.html?algo_pvid=c707e967-2f56-4296-a570-10845d2cb66e&algo_exp_id=c707e967-2f56-4296-a570-10845d2cb66e-50&pdp_ext_f=%7B%22order%22%3A%22-1%22%2C%22eval%22%3A%221%22%7D&pdp_npi=4%40dis%21MXN%218623.62%216898.90%21%21%21454.13%21363.30%21%402101ef7017519230617363812edc72%2112000046531976542%21sea%21MX%210%21ABX&curPageLogUid=teIUJY9beQMU&utparam-url=scene%3Asearch%7Cquery_from%3A,"{'Nombre': 'Science JNMD Store', 'Número de vendedor': '912021507', 'Localización': 'China', 'Abierto desde': 'may. 25, 2021'}"
42,"15,6 ""+ 7"" pantalla Dual portátil Intel Celeron N100 32GB 16GB DDR4 RGB teclado retroiluminado ordenador portátil pantalla táctil",7030.9,https://es.aliexpress.com/item/1005006689012166.html?aem_p4p_detail=202507071417415849701682385410006649122&algo_pvid=c707e967-2f56-4296-a570-10845d2cb66e&algo_exp_id=c707e967-2f56-4296-a570-10845d2cb66e-51&pdp_ext_f=%7B%22order%22%3A%2240%22%2C%22eval%22%3A%221%22%7D&pdp_npi=4%40dis%21MXN%2110816.77%217030.90%21%21%214076.42%212649.67%21%402101ef7017519230617363812edc72%2112000038020715748%21sea%21MX%210%21ABX&curPageLogUid=qQUb0Wqku7EB&utparam-url=scene%3Asearch%7Cquery_from%3A&search_p4p_id=202507071417415849701682385410006649122_13,"{'Nombre': 'KELIWEI Official Store', 'Número de vendedor': '1102526566', 'Localización': 'China', 'Abierto desde': 'dic. 13, 2022'}"
43,"BYONE 11,6 pulgadas Mini portátil Intel Celeron N4000 8GB RAM 128GB 256GB SSD Wifi Oficina estudio Rosa portátiles de bolsillo ultradelgados",2322.76,https://es.aliexpress.com/item/1005007705972341.html?algo_pvid=c707e967-2f56-4296-a570-10845d2cb66e&algo_exp_id=c707e967-2f56-4296-a570-10845d2cb66e-52&pdp_ext_f=%7B%22order%22%3A%22143%22%2C%22eval%22%3A%221%22%7D&pdp_npi=4%40dis%21MXN%213994.57%212322.76%21%21%21210.36%21122.32%21%402101ef7017519230617363812edc72%2112000042106210989%21sea%21MX%210%21ABX&curPageLogUid=p68dyZL16zMA&utparam-url=scene%3Asearch%7Cquery_from%3A,"{'Nombre': 'BYONE Official Store', 'Número de vendedor': '900254088', 'Localización': 'China', 'Abierto desde': 'jul. 10, 2020'}"
44,Xiaomi portátil Redmi Book 14 2025 Ryzen 7-7735H/R5-7535H Radeon 680M/660M RAM 16GB 512GB SSD 14 pulgadas 60Hz pantalla Notebook PC delgado,13796.9,https://es.aliexpress.com/item/1005009185343789.html?algo_pvid=c707e967-2f56-4296-a570-10845d2cb66e&algo_exp_id=c707e967-2f56-4296-a570-10845d2cb66e-53&pdp_ext_f=%7B%22order%22%3A%226%22%2C%22eval%22%3A%221%22%7D&pdp_npi=4%40dis%21MXN%2119709.86%2113796.90%21%21%211037.95%21726.57%21%402101ef7017519230617363812edc72%2112000048233970276%21sea%21MX%210%21ABX&curPageLogUid=ZLum6NYP5lmF&utparam-url=scene%3Asearch%7Cquery_from%3A,"{'Nombre': 'Redmi Selection Store', 'Número de vendedor': '5714084', 'Localización': 'China', 'Abierto desde': 'mar. 16, 2020'}"
45,"2025 portátil para estudiantes asequible de 14 pulgadas, cuaderno económico Windows 10 para la escuela, CPU Intel Celeron ligera, USB 3,0, WiFi",2562.78,https://es.aliexpress.com/item/1005008529632030.html?algo_pvid=c707e967-2f56-4296-a570-10845d2cb66e&algo_exp_id=c707e967-2f56-4296-a570-10845d2cb66e-54&pdp_ext_f=%7B%22order%22%3A%2224%22%2C%22eval%22%3A%221%22%7D&pdp_npi=4%40dis%21MXN%213202.15%212562.78%21%21%21168.63%21134.96%21%402101ef7017519230617363812edc72%2112000045582253169%21sea%21MX%210%21ABX&curPageLogUid=OX1iNYXQukqt&utparam-url=scene%3Asearch%7Cquery_from%3A,"{'Nombre': 'MOLOSUPER Laptops Store', 'Número de vendedor': '712829', 'Localización': 'Guangdong  China', 'Abierto desde': 'jun. 26, 2012'}"
46,2025 Original XioaMi Pad 15 Pro Tablet Android14 Snapdragon888 11 pulgadas HD 16GB + 1TB 20000mAh 5G Dual SIM Bluetooth WiFi GPS mesas,1786.82,https://es.aliexpress.com/item/1005009201904337.html?aem_p4p_detail=202507071417415849701682385410006649122&algo_pvid=c707e967-2f56-4296-a570-10845d2cb66e&algo_exp_id=c707e967-2f56-4296-a570-10845d2cb66e-55&pdp_ext_f=%7B%22order%22%3A%2238%22%2C%22eval%22%3A%221%22%7D&pdp_npi=4%40dis%21MXN%214420.36%211786.82%21%21%211665.86%21673.38%21%402101ef7017519230617363812edc72%2112000048282654494%21sea%21MX%210%21ABX&curPageLogUid=YcPeX3GBIObH&utparam-url=scene%3Asearch%7Cquery_from%3A&search_p4p_id=202507071417415849701682385410006649122_14,"{'Nombre': 'Tablet PO Google Play Store', 'Número de vendedor': '1104198683', 'Localización': 'China', 'Abierto desde': 'oct. 8, 2024'}"
47,"Ordenador portátil con pantalla Dual, Notebook Intel i3 1215U N100, pantalla táctil IPS de 10,95 pulgadas, Windows 11, tableta de oficina, WiFi 6, nuevo",6734.52,https://es.aliexpress.com/item/1005007627124871.html?algo_pvid=c707e967-2f56-4296-a570-10845d2cb66e&algo_exp_id=c707e967-2f56-4296-a570-10845d2cb66e-56&pdp_ext_f=%7B%22order%22%3A%2217%22%2C%22eval%22%3A%221%22%7D&pdp_npi=4%40dis%21MXN%2111382.51%216734.52%21%21%21599.42%21354.65%21%402101ef7017519230617363812edc72%2112000041560693648%21sea%21MX%210%21ABX&curPageLogUid=ukofJc86dKzp&utparam-url=scene%3Asearch%7Cquery_from%3A,"{'Nombre': 'YSJMNPC Computer Store', 'Número de vendedor': '912541405', 'Localización': 'China', 'Abierto desde': 'oct. 18, 2021'}"
48,"Original 15,6 ""portátil N95 FHD pantalla IPS 120 Hz pantalla ultraclara 7500mAh 32GB/2TB SSD teclado retroiluminado desbloqueo de huellas dactilares",4887.91,https://es.aliexpress.com/item/1005009184155733.html?algo_pvid=c707e967-2f56-4296-a570-10845d2cb66e&algo_exp_id=c707e967-2f56-4296-a570-10845d2cb66e-57&pdp_ext_f=%7B%22order%22%3A%2230%22%2C%22eval%22%3A%221%22%7D&pdp_npi=4%40dis%21MXN%216109.87%214887.91%21%21%212302.57%211842.06%21%402101ef7017519230617363812edc72%2112000048228206347%21sea%21MX%210%21ABX&curPageLogUid=JobDGjsNXzPk&utparam-url=scene%3Asearch%7Cquery_from%3A,"{'Nombre': 'Yepo Computer Official Store', 'Número de vendedor': '1102794559', 'Localización': 'China', 'Abierto desde': 'abr. 26, 2023'}"
49,"CHUWI GemiBook Plus Laptop 15,6 ""gráficos Intel N150/N100 para 12.a generación 1920*1080P 16GB RAM 512GB SSD con ventilador de refrigeración Windows 11",4998.91,https://es.aliexpress.com/item/1005005965346950.html?algo_pvid=c707e967-2f56-4296-a570-10845d2cb66e&algo_exp_id=c707e967-2f56-4296-a570-10845d2cb66e-58&pdp_ext_f=%7B%22order%22%3A%22272%22%2C%22eval%22%3A%221%22%7D&pdp_npi=4%40dis%21MXN%218331.51%214998.91%21%21%21438.75%21263.25%21%402101ef7017519230617363812edc72%2112000048868582723%21sea%21MX%210%21ABX&curPageLogUid=E2dLEnFMENSO&utparam-url=scene%3Asearch%7Cquery_from%3A,"{'Nombre': 'CHUWI Official Store', 'Número de vendedor': '2179113', 'Localización': 'China', 'Abierto desde': 'may. 15, 2016'}"
50,"【Versión Global】 tableta S10 Pro Original 2025, pantalla completa HD 4K de 10,1 pulgadas, Android 15, 16GB + 1TB, 10000mAh, 5G, doble SIM, WiFi, GPS",1824.9,https://es.aliexpress.com/item/1005008486264572.html?aem_p4p_detail=202507071417415849701682385410006649122&algo_pvid=c707e967-2f56-4296-a570-10845d2cb66e&algo_exp_id=c707e967-2f56-4296-a570-10845d2cb66e-59&pdp_ext_f=%7B%22order%22%3A%22138%22%2C%22eval%22%3A%221%22%7D&pdp_npi=4%40dis%21MXN%213877.67%211824.90%21%21%211461.34%21687.73%21%402101ef7017519230617363812edc72%2112000045356503938%21sea%21MX%210%21ABX&curPageLogUid=XZjsSK08w6vD&utparam-url=scene%3Asearch%7Cquery_from%3A&search_p4p_id=202507071417415849701682385410006649122_15,"{'Nombre': 'Shop1104544195 Store', 'Número de vendedor': '1104544195', 'Localización': 'China', 'Abierto desde': 'ene. 19, 2025'}"
